<?xml version="1.0" encoding="UTF-8"?>
<emulated_controller>
	<type>Wii U GamePad</type>
	<profile>Default</profile>
	<controller>
		<api>Keyboard</api>
		<uuid>keyboard</uuid>
		<display_name>Keyboard</display_name>
		<axis>
			<deadzone>0.25</deadzone>
			<range>1</range>
		</axis>
		<rotation>
			<deadzone>0.25</deadzone>
			<range>1</range>
		</rotation>
		<trigger>
			<deadzone>0.25</deadzone>
			<range>1</range>
		</trigger>
		<mappings>
			<entry>
				<mapping>1</mapping>
				<button>65</button>
			</entry>
			<entry>
				<mapping>2</mapping>
				<button>66</button>
			</entry>
			<entry>
				<mapping>3</mapping>
				<button>88</button>
			</entry>
			<entry>
				<mapping>4</mapping>
				<button>89</button>
			</entry>
			<entry>
				<mapping>5</mapping>
				<button>160</button>
			</entry>
			<entry>
				<mapping>6</mapping>
				<button>90</button>
			</entry>
			<entry>
				<mapping>7</mapping>
				<button>162</button>
			</entry>
			<entry>
				<mapping>8</mapping>
				<button>32</button>
			</entry>
			<entry>
				<mapping>9</mapping>
				<button>187</button>
			</entry>
			<entry>
				<mapping>10</mapping>
				<button>189</button>
			</entry>
			<entry>
				<mapping>11</mapping>
				<button>87</button>
			</entry>
			<entry>
				<mapping>12</mapping>
				<button>83</button>
			</entry>
			<entry>
				<mapping>13</mapping>
				<button>81</button>
			</entry>
			<entry>
				<mapping>14</mapping>
				<button>69</button>
			</entry>
			<entry>
				<mapping>15</mapping>
				<button>13</button>
			</entry>
			<entry>
				<mapping>16</mapping>
				<button>79</button>
			</entry>
			<entry>
				<mapping>17</mapping>
				<button>38</button>
			</entry>
			<entry>
				<mapping>18</mapping>
				<button>40</button>
			</entry>
			<entry>
				<mapping>19</mapping>
				<button>37</button>
			</entry>
			<entry>
				<mapping>20</mapping>
				<button>39</button>
			</entry>
			<entry>
				<mapping>21</mapping>
				<button>73</button>
			</entry>
			<entry>
				<mapping>22</mapping>
				<button>75</button>
			</entry>
			<entry>
				<mapping>23</mapping>
				<button>74</button>
			</entry>
			<entry>
				<mapping>24</mapping>
				<button>76</button>
			</entry>
		</mappings>
	</controller>
</emulated_controller>
